date,country,forecast_cases,actual_cases,variance,variance_pct,abs_error,year,quarter,month,month_name,year_quarter,accuracy_bucket,model_direction
2021-01-03,India,551021,456323,94698,20.75,94698,2021,1,1,Jan,2021-Q1,Poor (15–30%),Over-forecast
2021-01-10,India,421336,472619,-51283,-10.85,51283,2021,1,1,Jan,2021-Q1,Acceptable (5–15%),Under-forecast
2021-01-17,India,524078,502016,22062,4.39,22062,2021,1,1,Jan,2021-Q1,Highly Accurate (≤5%),Over-forecast
2021-01-24,India,721504,524545,196959,37.55,196959,2021,1,1,Jan,2021-Q1,Unacceptable (>30%),Over-forecast
2021-01-31,India,586714,499526,87188,17.45,87188,2021,1,1,Jan,2021-Q1,Poor (15–30%),Over-forecast
2021-02-07,India,463885,493094,-29209,-5.92,29209,2021,1,2,Feb,2021-Q1,Acceptable (5–15%),Under-forecast
2021-02-14,India,519510,506514,12996,2.57,12996,2021,1,2,Feb,2021-Q1,Highly Accurate (≤5%),Over-forecast
2021-02-21,India,491258,473753,17505,3.69,17505,2021,1,2,Feb,2021-Q1,Highly Accurate (≤5%),Over-forecast
2021-02-28,India,510572,428469,82103,19.16,82103,2021,1,2,Feb,2021-Q1,Poor (15–30%),Over-forecast
2021-03-07,India,459289,411530,47759,11.61,47759,2021,1,3,Mar,2021-Q1,Acceptable (5–15%),Over-forecast
2021-03-14,India,390009,359771,30238,8.4,30238,2021,1,3,Mar,2021-Q1,Acceptable (5–15%),Over-forecast
2021-03-21,India,376195,319427,56768,17.77,56768,2021,1,3,Mar,2021-Q1,Poor (15–30%),Over-forecast
2021-03-28,India,357275,287049,70226,24.46,70226,2021,1,3,Mar,2021-Q1,Poor (15–30%),Over-forecast
2021-04-04,India,345161,302621,42540,14.06,42540,2021,2,4,Apr,2021-Q2,Acceptable (5–15%),Over-forecast
2021-04-11,India,415392,379014,36378,9.6,36378,2021,2,4,Apr,2021-Q2,Acceptable (5–15%),Over-forecast
2021-04-18,India,521390,466517,54873,11.76,54873,2021,2,4,Apr,2021-Q2,Acceptable (5–15%),Over-forecast
2021-04-25,India,643477,525216,118261,22.52,118261,2021,2,4,Apr,2021-Q2,Poor (15–30%),Over-forecast
2021-05-02,India,711472,604931,106541,17.61,106541,2021,2,5,May,2021-Q2,Poor (15–30%),Over-forecast
2021-05-09,India,822494,639799,182695,28.56,182695,2021,2,5,May,2021-Q2,Poor (15–30%),Over-forecast
2021-05-16,India,687961,677965,9996,1.47,9996,2021,2,5,May,2021-Q2,Highly Accurate (≤5%),Over-forecast
2021-05-23,India,809953,758639,51314,6.76,51314,2021,2,5,May,2021-Q2,Acceptable (5–15%),Over-forecast
2021-05-30,India,980115,761919,218196,28.64,218196,2021,2,5,May,2021-Q2,Poor (15–30%),Over-forecast
2021-06-06,India,835823,785624,50199,6.39,50199,2021,2,6,Jun,2021-Q2,Acceptable (5–15%),Over-forecast
2021-06-13,India,1060870,772852,288018,37.27,288018,2021,2,6,Jun,2021-Q2,Unacceptable (>30%),Over-forecast
2021-06-20,India,1080964,785777,295187,37.57,295187,2021,2,6,Jun,2021-Q2,Unacceptable (>30%),Over-forecast
2021-06-27,India,1079005,785392,293613,37.38,293613,2021,2,6,Jun,2021-Q2,Unacceptable (>30%),Over-forecast
2021-07-04,India,785811,746426,39385,5.28,39385,2021,3,7,Jul,2021-Q3,Acceptable (5–15%),Over-forecast
2021-07-11,India,878822,739733,139089,18.8,139089,2021,3,7,Jul,2021-Q3,Poor (15–30%),Over-forecast
2021-07-18,India,760110,686354,73756,10.75,73756,2021,3,7,Jul,2021-Q3,Acceptable (5–15%),Over-forecast
2021-07-25,India,841644,643671,197973,30.76,197973,2021,3,7,Jul,2021-Q3,Unacceptable (>30%),Over-forecast
2021-08-01,India,827985,583813,244172,41.82,244172,2021,3,8,Aug,2021-Q3,Unacceptable (>30%),Over-forecast
2021-08-08,India,726153,558336,167817,30.06,167817,2021,3,8,Aug,2021-Q3,Unacceptable (>30%),Over-forecast
2021-08-15,India,544336,461907,82429,17.85,82429,2021,3,8,Aug,2021-Q3,Poor (15–30%),Over-forecast
2021-08-22,India,419436,372658,46778,12.55,46778,2021,3,8,Aug,2021-Q3,Acceptable (5–15%),Over-forecast
2021-08-29,India,410122,323223,86899,26.89,86899,2021,3,8,Aug,2021-Q3,Poor (15–30%),Over-forecast
2021-09-05,India,212964,212027,937,0.44,937,2021,3,9,Sep,2021-Q3,Highly Accurate (≤5%),Over-forecast
2021-09-12,India,243731,194530,49201,25.29,49201,2021,3,9,Sep,2021-Q3,Poor (15–30%),Over-forecast
2021-09-19,India,208655,199107,9548,4.8,9548,2021,3,9,Sep,2021-Q3,Highly Accurate (≤5%),Over-forecast
2021-09-26,India,307895,243430,64465,26.48,64465,2021,3,9,Sep,2021-Q3,Poor (15–30%),Over-forecast
2021-10-03,India,343993,297977,46016,15.44,46016,2021,4,10,Oct,2021-Q4,Poor (15–30%),Over-forecast
2021-10-10,India,374536,333717,40819,12.23,40819,2021,4,10,Oct,2021-Q4,Acceptable (5–15%),Over-forecast
2021-10-17,India,366080,347960,18120,5.21,18120,2021,4,10,Oct,2021-Q4,Acceptable (5–15%),Over-forecast
2021-10-24,India,406551,360811,45740,12.68,45740,2021,4,10,Oct,2021-Q4,Acceptable (5–15%),Over-forecast
2021-10-31,India,468675,373232,95443,25.57,95443,2021,4,10,Oct,2021-Q4,Poor (15–30%),Over-forecast
2021-11-07,India,544344,410944,133400,32.46,133400,2021,4,11,Nov,2021-Q4,Unacceptable (>30%),Over-forecast
2021-11-14,India,588541,470258,118283,25.15,118283,2021,4,11,Nov,2021-Q4,Poor (15–30%),Over-forecast
2021-11-21,India,704227,514100,190127,36.98,190127,2021,4,11,Nov,2021-Q4,Unacceptable (>30%),Over-forecast
2021-11-28,India,873034,568439,304595,53.58,304595,2021,4,11,Nov,2021-Q4,Unacceptable (>30%),Over-forecast
2021-12-05,India,656931,580674,76257,13.13,76257,2021,4,12,Dec,2021-Q4,Acceptable (5–15%),Over-forecast
2021-12-12,India,646678,563268,83410,14.81,83410,2021,4,12,Dec,2021-Q4,Acceptable (5–15%),Over-forecast
2021-12-19,India,584312,600068,-15756,-2.63,15756,2021,4,12,Dec,2021-Q4,Highly Accurate (≤5%),Under-forecast
2021-12-26,India,788935,586410,202525,34.54,202525,2021,4,12,Dec,2021-Q4,Unacceptable (>30%),Over-forecast
2022-01-02,India,776733,570827,205906,36.07,205906,2022,1,1,Jan,2022-Q1,Unacceptable (>30%),Over-forecast
2022-01-09,India,602458,571229,31229,5.47,31229,2022,1,1,Jan,2022-Q1,Acceptable (5–15%),Over-forecast
2022-01-16,India,697269,551458,145811,26.44,145811,2022,1,1,Jan,2022-Q1,Poor (15–30%),Over-forecast
2022-01-23,India,698109,517468,180641,34.91,180641,2022,1,1,Jan,2022-Q1,Unacceptable (>30%),Over-forecast
2022-01-30,India,547469,452780,94689,20.91,94689,2022,1,1,Jan,2022-Q1,Poor (15–30%),Over-forecast
2022-02-06,India,541890,417846,124044,29.69,124044,2022,1,2,Feb,2022-Q1,Poor (15–30%),Over-forecast
2022-02-13,India,457621,380761,76860,20.19,76860,2022,1,2,Feb,2022-Q1,Poor (15–30%),Over-forecast
2022-02-20,India,342720,340923,1797,0.53,1797,2022,1,2,Feb,2022-Q1,Highly Accurate (≤5%),Over-forecast
2022-02-27,India,506588,382217,124371,32.54,124371,2022,1,2,Feb,2022-Q1,Unacceptable (>30%),Over-forecast
2022-03-06,India,618045,452997,165048,36.43,165048,2022,1,3,Mar,2022-Q1,Unacceptable (>30%),Over-forecast
2022-03-13,India,642575,501652,140923,28.09,140923,2022,1,3,Mar,2022-Q1,Poor (15–30%),Over-forecast
2022-03-20,India,581415,557803,23612,4.23,23612,2022,1,3,Mar,2022-Q1,Highly Accurate (≤5%),Over-forecast
2022-03-27,India,684911,639475,45436,7.11,45436,2022,1,3,Mar,2022-Q1,Acceptable (5–15%),Over-forecast
2022-04-03,India,704411,692310,12101,1.75,12101,2022,2,4,Apr,2022-Q2,Highly Accurate (≤5%),Over-forecast
2022-04-10,India,910305,707896,202409,28.59,202409,2022,2,4,Apr,2022-Q2,Poor (15–30%),Over-forecast
2022-04-17,India,1020881,752676,268205,35.63,268205,2022,2,4,Apr,2022-Q2,Unacceptable (>30%),Over-forecast
2022-04-24,India,943641,762769,180872,23.71,180872,2022,2,4,Apr,2022-Q2,Poor (15–30%),Over-forecast
2022-05-01,India,993041,758033,235008,31.0,235008,2022,2,5,May,2022-Q2,Unacceptable (>30%),Over-forecast
2022-05-08,India,816113,773860,42253,5.46,42253,2022,2,5,May,2022-Q2,Acceptable (5–15%),Over-forecast
2022-05-15,India,937215,782468,154747,19.78,154747,2022,2,5,May,2022-Q2,Poor (15–30%),Over-forecast
2022-05-22,India,727977,740073,-12096,-1.63,12096,2022,2,5,May,2022-Q2,Highly Accurate (≤5%),Under-forecast
2022-05-29,India,785856,735723,50133,6.81,50133,2022,2,5,May,2022-Q2,Acceptable (5–15%),Over-forecast
2022-06-05,India,826781,635358,191423,30.13,191423,2022,2,6,Jun,2022-Q2,Unacceptable (>30%),Over-forecast
2022-06-12,India,732430,640618,91812,14.33,91812,2022,2,6,Jun,2022-Q2,Acceptable (5–15%),Over-forecast
2022-06-19,India,775209,575081,200128,34.8,200128,2022,2,6,Jun,2022-Q2,Unacceptable (>30%),Over-forecast
2022-06-26,India,635814,507371,128443,25.32,128443,2022,2,6,Jun,2022-Q2,Poor (15–30%),Over-forecast
2022-07-03,India,695365,444770,250595,56.34,250595,2022,3,7,Jul,2022-Q3,Unacceptable (>30%),Over-forecast
2022-07-10,India,404195,339543,64652,19.04,64652,2022,3,7,Jul,2022-Q3,Poor (15–30%),Over-forecast
2022-07-17,India,281317,287500,-6183,-2.15,6183,2022,3,7,Jul,2022-Q3,Highly Accurate (≤5%),Under-forecast
2022-07-24,India,251095,214193,36902,17.23,36902,2022,3,7,Jul,2022-Q3,Poor (15–30%),Over-forecast
2022-07-31,India,152858,146820,6038,4.11,6038,2022,3,7,Jul,2022-Q3,Highly Accurate (≤5%),Over-forecast
2022-08-07,India,127470,96921,30549,31.52,30549,2022,3,8,Aug,2022-Q3,Unacceptable (>30%),Over-forecast
2022-08-14,India,150352,127084,23268,18.31,23268,2022,3,8,Aug,2022-Q3,Poor (15–30%),Over-forecast
2022-08-21,India,190209,164289,25920,15.78,25920,2022,3,8,Aug,2022-Q3,Poor (15–30%),Over-forecast
2022-08-28,India,259607,223871,35736,15.96,35736,2022,3,8,Aug,2022-Q3,Poor (15–30%),Over-forecast
2022-09-04,India,374711,292345,82366,28.17,82366,2022,3,9,Sep,2022-Q3,Poor (15–30%),Over-forecast
2022-09-11,India,391806,351949,39857,11.32,39857,2022,3,9,Sep,2022-Q3,Acceptable (5–15%),Over-forecast
2022-09-18,India,558916,434302,124614,28.69,124614,2022,3,9,Sep,2022-Q3,Poor (15–30%),Over-forecast
2022-09-25,India,646677,488110,158567,32.49,158567,2022,3,9,Sep,2022-Q3,Unacceptable (>30%),Over-forecast
2022-10-02,India,625159,553810,71349,12.88,71349,2022,4,10,Oct,2022-Q4,Acceptable (5–15%),Over-forecast
2022-10-09,India,599883,573310,26573,4.64,26573,2022,4,10,Oct,2022-Q4,Highly Accurate (≤5%),Over-forecast
2022-10-16,India,679297,614914,64383,10.47,64383,2022,4,10,Oct,2022-Q4,Acceptable (5–15%),Over-forecast
2022-10-23,India,818864,641003,177861,27.75,177861,2022,4,10,Oct,2022-Q4,Poor (15–30%),Over-forecast
2022-10-30,India,765128,642842,122286,19.02,122286,2022,4,10,Oct,2022-Q4,Poor (15–30%),Over-forecast
2022-11-06,India,858383,677938,180445,26.62,180445,2022,4,11,Nov,2022-Q4,Poor (15–30%),Over-forecast
2022-11-13,India,965528,676996,288532,42.62,288532,2022,4,11,Nov,2022-Q4,Unacceptable (>30%),Over-forecast
2022-11-20,India,803131,663861,139270,20.98,139270,2022,4,11,Nov,2022-Q4,Poor (15–30%),Over-forecast
2022-11-27,India,682874,642467,40407,6.29,40407,2022,4,11,Nov,2022-Q4,Acceptable (5–15%),Over-forecast
2022-12-04,India,794556,598971,195585,32.65,195585,2022,4,12,Dec,2022-Q4,Unacceptable (>30%),Over-forecast
2022-12-11,India,687860,580758,107102,18.44,107102,2022,4,12,Dec,2022-Q4,Poor (15–30%),Over-forecast
2022-12-18,India,705073,542195,162878,30.04,162878,2022,4,12,Dec,2022-Q4,Unacceptable (>30%),Over-forecast
2022-12-25,India,650367,489818,160549,32.78,160549,2022,4,12,Dec,2022-Q4,Unacceptable (>30%),Over-forecast
2021-01-03,USA,386407,287740,98667,34.29,98667,2021,1,1,Jan,2021-Q1,Unacceptable (>30%),Over-forecast
2021-01-10,USA,389066,334265,54801,16.39,54801,2021,1,1,Jan,2021-Q1,Poor (15–30%),Over-forecast
2021-01-17,USA,428926,341493,87433,25.6,87433,2021,1,1,Jan,2021-Q1,Poor (15–30%),Over-forecast
2021-01-24,USA,369822,330850,38972,11.78,38972,2021,1,1,Jan,2021-Q1,Acceptable (5–15%),Over-forecast
2021-01-31,USA,414714,343823,70891,20.62,70891,2021,1,1,Jan,2021-Q1,Poor (15–30%),Over-forecast
2021-02-07,USA,388721,340122,48599,14.29,48599,2021,1,2,Feb,2021-Q1,Acceptable (5–15%),Over-forecast
2021-02-14,USA,386725,329258,57467,17.45,57467,2021,1,2,Feb,2021-Q1,Poor (15–30%),Over-forecast
2021-02-21,USA,406513,326795,79718,24.39,79718,2021,1,2,Feb,2021-Q1,Poor (15–30%),Over-forecast
2021-02-28,USA,331698,316801,14897,4.7,14897,2021,1,2,Feb,2021-Q1,Highly Accurate (≤5%),Over-forecast
2021-03-07,USA,405574,279218,126356,45.25,126356,2021,1,3,Mar,2021-Q1,Unacceptable (>30%),Over-forecast
2021-03-14,USA,277257,271592,5665,2.09,5665,2021,1,3,Mar,2021-Q1,Highly Accurate (≤5%),Over-forecast
2021-03-21,USA,239516,241483,-1967,-0.81,1967,2021,1,3,Mar,2021-Q1,Highly Accurate (≤5%),Under-forecast
2021-03-28,USA,270508,204563,65945,32.24,65945,2021,1,3,Mar,2021-Q1,Unacceptable (>30%),Over-forecast
2021-04-04,USA,300751,236567,64184,27.13,64184,2021,2,4,Apr,2021-Q2,Poor (15–30%),Over-forecast
2021-04-11,USA,337375,270338,67037,24.8,67037,2021,2,4,Apr,2021-Q2,Poor (15–30%),Over-forecast
2021-04-18,USA,391378,313463,77915,24.86,77915,2021,2,4,Apr,2021-Q2,Poor (15–30%),Over-forecast
2021-04-25,USA,437764,377606,60158,15.93,60158,2021,2,4,Apr,2021-Q2,Poor (15–30%),Over-forecast
2021-05-02,USA,420270,405661,14609,3.6,14609,2021,2,5,May,2021-Q2,Highly Accurate (≤5%),Over-forecast
2021-05-09,USA,528703,451273,77430,17.16,77430,2021,2,5,May,2021-Q2,Poor (15–30%),Over-forecast
2021-05-16,USA,507824,476081,31743,6.67,31743,2021,2,5,May,2021-Q2,Acceptable (5–15%),Over-forecast
2021-05-23,USA,630557,486212,144345,29.69,144345,2021,2,5,May,2021-Q2,Poor (15–30%),Over-forecast
2021-05-30,USA,605792,531149,74643,14.05,74643,2021,2,5,May,2021-Q2,Acceptable (5–15%),Over-forecast
2021-06-06,USA,559357,534753,24604,4.6,24604,2021,2,6,Jun,2021-Q2,Highly Accurate (≤5%),Over-forecast
2021-06-13,USA,610591,547005,63586,11.62,63586,2021,2,6,Jun,2021-Q2,Acceptable (5–15%),Over-forecast
2021-06-20,USA,651872,534957,116915,21.86,116915,2021,2,6,Jun,2021-Q2,Poor (15–30%),Over-forecast
2021-06-27,USA,578669,534577,44092,8.25,44092,2021,2,6,Jun,2021-Q2,Acceptable (5–15%),Over-forecast
2021-07-04,USA,568865,543606,25259,4.65,25259,2021,3,7,Jul,2021-Q3,Highly Accurate (≤5%),Over-forecast
2021-07-11,USA,604960,506255,98705,19.5,98705,2021,3,7,Jul,2021-Q3,Poor (15–30%),Over-forecast
2021-07-18,USA,579602,484962,94640,19.51,94640,2021,3,7,Jul,2021-Q3,Poor (15–30%),Over-forecast
2021-07-25,USA,469927,430971,38956,9.04,38956,2021,3,7,Jul,2021-Q3,Acceptable (5–15%),Over-forecast
2021-08-01,USA,479133,437407,41726,9.54,41726,2021,3,8,Aug,2021-Q3,Acceptable (5–15%),Over-forecast
2021-08-08,USA,463719,388586,75133,19.33,75133,2021,3,8,Aug,2021-Q3,Poor (15–30%),Over-forecast
2021-08-15,USA,322679,336380,-13701,-4.07,13701,2021,3,8,Aug,2021-Q3,Highly Accurate (≤5%),Under-forecast
2021-08-22,USA,270204,280025,-9821,-3.51,9821,2021,3,8,Aug,2021-Q3,Highly Accurate (≤5%),Under-forecast
2021-08-29,USA,230816,217561,13255,6.09,13255,2021,3,8,Aug,2021-Q3,Acceptable (5–15%),Over-forecast
2021-09-05,USA,190046,167992,22054,13.13,22054,2021,3,9,Sep,2021-Q3,Acceptable (5–15%),Over-forecast
2021-09-12,USA,178551,148257,30294,20.43,30294,2021,3,9,Sep,2021-Q3,Poor (15–30%),Over-forecast
2021-09-19,USA,207427,151787,55640,36.66,55640,2021,3,9,Sep,2021-Q3,Unacceptable (>30%),Over-forecast
2021-09-26,USA,225503,176104,49399,28.05,49399,2021,3,9,Sep,2021-Q3,Poor (15–30%),Over-forecast
2021-10-03,USA,206528,181366,25162,13.87,25162,2021,4,10,Oct,2021-Q4,Acceptable (5–15%),Over-forecast
2021-10-10,USA,242520,209363,33157,15.84,33157,2021,4,10,Oct,2021-Q4,Poor (15–30%),Over-forecast
2021-10-17,USA,257916,252526,5390,2.13,5390,2021,4,10,Oct,2021-Q4,Highly Accurate (≤5%),Over-forecast
2021-10-24,USA,276640,238804,37836,15.84,37836,2021,4,10,Oct,2021-Q4,Poor (15–30%),Over-forecast
2021-10-31,USA,278094,248120,29974,12.08,29974,2021,4,10,Oct,2021-Q4,Acceptable (5–15%),Over-forecast
2021-11-07,USA,354415,293881,60534,20.6,60534,2021,4,11,Nov,2021-Q4,Poor (15–30%),Over-forecast
2021-11-14,USA,317796,303888,13908,4.58,13908,2021,4,11,Nov,2021-Q4,Highly Accurate (≤5%),Over-forecast
2021-11-21,USA,446993,362414,84579,23.34,84579,2021,4,11,Nov,2021-Q4,Poor (15–30%),Over-forecast
2021-11-28,USA,534009,388493,145516,37.46,145516,2021,4,11,Nov,2021-Q4,Unacceptable (>30%),Over-forecast
2021-12-05,USA,451778,394267,57511,14.59,57511,2021,4,12,Dec,2021-Q4,Acceptable (5–15%),Over-forecast
2021-12-12,USA,511303,420138,91165,21.7,91165,2021,4,12,Dec,2021-Q4,Poor (15–30%),Over-forecast
2021-12-19,USA,489219,389142,100077,25.72,100077,2021,4,12,Dec,2021-Q4,Poor (15–30%),Over-forecast
2021-12-26,USA,471015,426211,44804,10.51,44804,2021,4,12,Dec,2021-Q4,Acceptable (5–15%),Over-forecast
2022-01-02,USA,463584,388834,74750,19.22,74750,2022,1,1,Jan,2022-Q1,Poor (15–30%),Over-forecast
2022-01-09,USA,430875,370558,60317,16.28,60317,2022,1,1,Jan,2022-Q1,Poor (15–30%),Over-forecast
2022-01-16,USA,430580,366567,64013,17.46,64013,2022,1,1,Jan,2022-Q1,Poor (15–30%),Over-forecast
2022-01-23,USA,390807,371023,19784,5.33,19784,2022,1,1,Jan,2022-Q1,Acceptable (5–15%),Over-forecast
2022-01-30,USA,376862,323644,53218,16.44,53218,2022,1,1,Jan,2022-Q1,Poor (15–30%),Over-forecast
2022-02-06,USA,350370,284761,65609,23.04,65609,2022,1,2,Feb,2022-Q1,Poor (15–30%),Over-forecast
2022-02-13,USA,340626,249873,90753,36.32,90753,2022,1,2,Feb,2022-Q1,Unacceptable (>30%),Over-forecast
2022-02-20,USA,299920,231658,68262,29.47,68262,2022,1,2,Feb,2022-Q1,Poor (15–30%),Over-forecast
2022-02-27,USA,367418,251483,115935,46.1,115935,2022,1,2,Feb,2022-Q1,Unacceptable (>30%),Over-forecast
2022-03-06,USA,320885,304413,16472,5.41,16472,2022,1,3,Mar,2022-Q1,Acceptable (5–15%),Over-forecast
2022-03-13,USA,487922,380430,107492,28.26,107492,2022,1,3,Mar,2022-Q1,Poor (15–30%),Over-forecast
2022-03-20,USA,493957,416292,77665,18.66,77665,2022,1,3,Mar,2022-Q1,Poor (15–30%),Over-forecast
2022-03-27,USA,635281,433311,201970,46.61,201970,2022,1,3,Mar,2022-Q1,Unacceptable (>30%),Over-forecast
2022-04-03,USA,481259,459039,22220,4.84,22220,2022,2,4,Apr,2022-Q2,Highly Accurate (≤5%),Over-forecast
2022-04-10,USA,511470,489901,21569,4.4,21569,2022,2,4,Apr,2022-Q2,Highly Accurate (≤5%),Over-forecast
2022-04-17,USA,577853,536285,41568,7.75,41568,2022,2,4,Apr,2022-Q2,Acceptable (5–15%),Over-forecast
2022-04-24,USA,454911,525839,-70928,-13.49,70928,2022,2,4,Apr,2022-Q2,Acceptable (5–15%),Under-forecast
2022-05-01,USA,585704,538444,47260,8.78,47260,2022,2,5,May,2022-Q2,Acceptable (5–15%),Over-forecast
2022-05-08,USA,554153,525136,29017,5.53,29017,2022,2,5,May,2022-Q2,Acceptable (5–15%),Over-forecast
2022-05-15,USA,616684,521741,94943,18.2,94943,2022,2,5,May,2022-Q2,Poor (15–30%),Over-forecast
2022-05-22,USA,623224,515643,107581,20.86,107581,2022,2,5,May,2022-Q2,Poor (15–30%),Over-forecast
2022-05-29,USA,696701,489802,206899,42.24,206899,2022,2,5,May,2022-Q2,Unacceptable (>30%),Over-forecast
2022-06-05,USA,568722,439699,129023,29.34,129023,2022,2,6,Jun,2022-Q2,Poor (15–30%),Over-forecast
2022-06-12,USA,482077,446101,35976,8.06,35976,2022,2,6,Jun,2022-Q2,Acceptable (5–15%),Over-forecast
2022-06-19,USA,399965,386122,13843,3.59,13843,2022,2,6,Jun,2022-Q2,Highly Accurate (≤5%),Over-forecast
2022-06-26,USA,463068,376614,86454,22.96,86454,2022,2,6,Jun,2022-Q2,Poor (15–30%),Over-forecast
2022-07-03,USA,305709,312880,-7171,-2.29,7171,2022,3,7,Jul,2022-Q3,Highly Accurate (≤5%),Under-forecast
2022-07-10,USA,361243,255082,106161,41.62,106161,2022,3,7,Jul,2022-Q3,Unacceptable (>30%),Over-forecast
2022-07-17,USA,273071,206038,67033,32.53,67033,2022,3,7,Jul,2022-Q3,Unacceptable (>30%),Over-forecast
2022-07-24,USA,157441,143696,13745,9.57,13745,2022,3,7,Jul,2022-Q3,Acceptable (5–15%),Over-forecast
2022-07-31,USA,75520,81879,-6359,-7.77,6359,2022,3,7,Jul,2022-Q3,Acceptable (5–15%),Under-forecast
2022-08-07,USA,102195,75720,26475,34.96,26475,2022,3,8,Aug,2022-Q3,Unacceptable (>30%),Over-forecast
2022-08-14,USA,120983,105657,15326,14.51,15326,2022,3,8,Aug,2022-Q3,Acceptable (5–15%),Over-forecast
2022-08-21,USA,146662,109985,36677,33.35,36677,2022,3,8,Aug,2022-Q3,Unacceptable (>30%),Over-forecast
2022-08-28,USA,124710,132829,-8119,-6.11,8119,2022,3,8,Aug,2022-Q3,Acceptable (5–15%),Under-forecast
2022-09-04,USA,203397,188765,14632,7.75,14632,2022,3,9,Sep,2022-Q3,Acceptable (5–15%),Over-forecast
2022-09-11,USA,295068,253986,41082,16.17,41082,2022,3,9,Sep,2022-Q3,Poor (15–30%),Over-forecast
2022-09-18,USA,356879,305661,51218,16.76,51218,2022,3,9,Sep,2022-Q3,Poor (15–30%),Over-forecast
2022-09-25,USA,366601,333785,32816,9.83,32816,2022,3,9,Sep,2022-Q3,Acceptable (5–15%),Over-forecast
2022-10-02,USA,464991,372650,92341,24.78,92341,2022,4,10,Oct,2022-Q4,Poor (15–30%),Over-forecast
2022-10-09,USA,393716,388941,4775,1.23,4775,2022,4,10,Oct,2022-Q4,Highly Accurate (≤5%),Over-forecast
2022-10-16,USA,493092,432088,61004,14.12,61004,2022,4,10,Oct,2022-Q4,Acceptable (5–15%),Over-forecast
2022-10-23,USA,526771,447258,79513,17.78,79513,2022,4,10,Oct,2022-Q4,Poor (15–30%),Over-forecast
2022-10-30,USA,548595,445038,103557,23.27,103557,2022,4,10,Oct,2022-Q4,Poor (15–30%),Over-forecast
2022-11-06,USA,553004,438835,114169,26.02,114169,2022,4,11,Nov,2022-Q4,Poor (15–30%),Over-forecast
2022-11-13,USA,448163,446230,1933,0.43,1933,2022,4,11,Nov,2022-Q4,Highly Accurate (≤5%),Over-forecast
2022-11-20,USA,423862,447450,-23588,-5.27,23588,2022,4,11,Nov,2022-Q4,Acceptable (5–15%),Under-forecast
2022-11-27,USA,613664,458290,155374,33.9,155374,2022,4,11,Nov,2022-Q4,Unacceptable (>30%),Over-forecast
2022-12-04,USA,539008,446450,92558,20.73,92558,2022,4,12,Dec,2022-Q4,Poor (15–30%),Over-forecast
2022-12-11,USA,423788,401034,22754,5.67,22754,2022,4,12,Dec,2022-Q4,Acceptable (5–15%),Over-forecast
2022-12-18,USA,517012,375427,141585,37.71,141585,2022,4,12,Dec,2022-Q4,Unacceptable (>30%),Over-forecast
2022-12-25,USA,416186,353558,62628,17.71,62628,2022,4,12,Dec,2022-Q4,Poor (15–30%),Over-forecast
2021-01-03,UK,87283,84516,2767,3.27,2767,2021,1,1,Jan,2021-Q1,Highly Accurate (≤5%),Over-forecast
2021-01-10,UK,82349,84497,-2148,-2.54,2148,2021,1,1,Jan,2021-Q1,Highly Accurate (≤5%),Under-forecast
2021-01-17,UK,109275,95438,13837,14.5,13837,2021,1,1,Jan,2021-Q1,Acceptable (5–15%),Over-forecast
2021-01-24,UK,71166,95728,-24562,-25.66,24562,2021,1,1,Jan,2021-Q1,Poor (15–30%),Under-forecast
2021-01-31,UK,91902,87791,4111,4.68,4111,2021,1,1,Jan,2021-Q1,Highly Accurate (≤5%),Over-forecast
2021-02-07,UK,97500,91376,6124,6.7,6124,2021,1,2,Feb,2021-Q1,Acceptable (5–15%),Over-forecast
2021-02-14,UK,79176,87472,-8296,-9.48,8296,2021,1,2,Feb,2021-Q1,Acceptable (5–15%),Under-forecast
2021-02-21,UK,105071,86561,18510,21.38,18510,2021,1,2,Feb,2021-Q1,Poor (15–30%),Over-forecast
2021-02-28,UK,69179,72336,-3157,-4.36,3157,2021,1,2,Feb,2021-Q1,Highly Accurate (≤5%),Under-forecast
2021-03-07,UK,83578,73097,10481,14.34,10481,2021,1,3,Mar,2021-Q1,Acceptable (5–15%),Over-forecast
2021-03-14,UK,100410,67943,32467,47.79,32467,2021,1,3,Mar,2021-Q1,Unacceptable (>30%),Over-forecast
2021-03-21,UK,44137,49391,-5254,-10.64,5254,2021,1,3,Mar,2021-Q1,Acceptable (5–15%),Under-forecast
2021-03-28,UK,47811,43942,3869,8.8,3869,2021,1,3,Mar,2021-Q1,Acceptable (5–15%),Over-forecast
2021-04-04,UK,51558,48934,2624,5.36,2624,2021,2,4,Apr,2021-Q2,Acceptable (5–15%),Over-forecast
2021-04-11,UK,70919,69003,1916,2.78,1916,2021,2,4,Apr,2021-Q2,Highly Accurate (≤5%),Over-forecast
2021-04-18,UK,103148,85327,17821,20.89,17821,2021,2,4,Apr,2021-Q2,Poor (15–30%),Over-forecast
2021-04-25,UK,125529,100034,25495,25.49,25495,2021,2,4,Apr,2021-Q2,Poor (15–30%),Over-forecast
2021-05-02,UK,126963,104896,22067,21.04,22067,2021,2,5,May,2021-Q2,Poor (15–30%),Over-forecast
2021-05-09,UK,121928,120526,1402,1.16,1402,2021,2,5,May,2021-Q2,Highly Accurate (≤5%),Over-forecast
2021-05-16,UK,166874,116586,50288,43.13,50288,2021,2,5,May,2021-Q2,Unacceptable (>30%),Over-forecast
2021-05-23,UK,106386,121937,-15551,-12.75,15551,2021,2,5,May,2021-Q2,Acceptable (5–15%),Under-forecast
2021-05-30,UK,129672,133611,-3939,-2.95,3939,2021,2,5,May,2021-Q2,Highly Accurate (≤5%),Under-forecast
2021-06-06,UK,156896,138802,18094,13.04,18094,2021,2,6,Jun,2021-Q2,Acceptable (5–15%),Over-forecast
2021-06-13,UK,155474,138856,16618,11.97,16618,2021,2,6,Jun,2021-Q2,Acceptable (5–15%),Over-forecast
2021-06-20,UK,153258,130691,22567,17.27,22567,2021,2,6,Jun,2021-Q2,Poor (15–30%),Over-forecast
2021-06-27,UK,180315,136825,43490,31.79,43490,2021,2,6,Jun,2021-Q2,Unacceptable (>30%),Over-forecast
2021-07-04,UK,140247,128448,11799,9.19,11799,2021,3,7,Jul,2021-Q3,Acceptable (5–15%),Over-forecast
2021-07-11,UK,147262,131143,16119,12.29,16119,2021,3,7,Jul,2021-Q3,Acceptable (5–15%),Over-forecast
2021-07-18,UK,126655,123114,3541,2.88,3541,2021,3,7,Jul,2021-Q3,Highly Accurate (≤5%),Over-forecast
2021-07-25,UK,129934,109556,20378,18.6,20378,2021,3,7,Jul,2021-Q3,Poor (15–30%),Over-forecast
2021-08-01,UK,108182,101536,6646,6.55,6646,2021,3,8,Aug,2021-Q3,Acceptable (5–15%),Over-forecast
2021-08-08,UK,94159,88381,5778,6.54,5778,2021,3,8,Aug,2021-Q3,Acceptable (5–15%),Over-forecast
2021-08-15,UK,94768,80309,14459,18.0,14459,2021,3,8,Aug,2021-Q3,Poor (15–30%),Over-forecast
2021-08-22,UK,88939,71416,17523,24.54,17523,2021,3,8,Aug,2021-Q3,Poor (15–30%),Over-forecast
2021-08-29,UK,40692,49975,-9283,-18.58,9283,2021,3,8,Aug,2021-Q3,Poor (15–30%),Under-forecast
2021-09-05,UK,48250,41748,6502,15.57,6502,2021,3,9,Sep,2021-Q3,Poor (15–30%),Over-forecast
2021-09-12,UK,33042,30827,2215,7.19,2215,2021,3,9,Sep,2021-Q3,Acceptable (5–15%),Over-forecast
2021-09-19,UK,45054,36518,8536,23.37,8536,2021,3,9,Sep,2021-Q3,Poor (15–30%),Over-forecast
2021-09-26,UK,49006,45607,3399,7.45,3399,2021,3,9,Sep,2021-Q3,Acceptable (5–15%),Over-forecast
2021-10-03,UK,61065,47679,13386,28.08,13386,2021,4,10,Oct,2021-Q4,Poor (15–30%),Over-forecast
2021-10-10,UK,55649,54672,977,1.79,977,2021,4,10,Oct,2021-Q4,Highly Accurate (≤5%),Over-forecast
2021-10-17,UK,45676,56300,-10624,-18.87,10624,2021,4,10,Oct,2021-Q4,Poor (15–30%),Under-forecast
2021-10-24,UK,90028,72162,17866,24.76,17866,2021,4,10,Oct,2021-Q4,Poor (15–30%),Over-forecast
2021-10-31,UK,66989,67282,-293,-0.44,293,2021,4,10,Oct,2021-Q4,Highly Accurate (≤5%),Under-forecast
2021-11-07,UK,66453,74024,-7571,-10.23,7571,2021,4,11,Nov,2021-Q4,Acceptable (5–15%),Under-forecast
2021-11-14,UK,95497,86039,9458,10.99,9458,2021,4,11,Nov,2021-Q4,Acceptable (5–15%),Over-forecast
2021-11-21,UK,98644,91677,6967,7.6,6967,2021,4,11,Nov,2021-Q4,Acceptable (5–15%),Over-forecast
2021-11-28,UK,117702,96698,21004,21.72,21004,2021,4,11,Nov,2021-Q4,Poor (15–30%),Over-forecast
2021-12-05,UK,127503,103963,23540,22.64,23540,2021,4,12,Dec,2021-Q4,Poor (15–30%),Over-forecast
2021-12-12,UK,119793,106910,12883,12.05,12883,2021,4,12,Dec,2021-Q4,Acceptable (5–15%),Over-forecast
2021-12-19,UK,101582,102591,-1009,-0.98,1009,2021,4,12,Dec,2021-Q4,Highly Accurate (≤5%),Under-forecast
2021-12-26,UK,116581,101734,14847,14.59,14847,2021,4,12,Dec,2021-Q4,Acceptable (5–15%),Over-forecast
2022-01-02,UK,113895,100814,13081,12.98,13081,2022,1,1,Jan,2022-Q1,Acceptable (5–15%),Over-forecast
2022-01-09,UK,105581,89217,16364,18.34,16364,2022,1,1,Jan,2022-Q1,Poor (15–30%),Over-forecast
2022-01-16,UK,86870,87615,-745,-0.85,745,2022,1,1,Jan,2022-Q1,Highly Accurate (≤5%),Under-forecast
2022-01-23,UK,98348,93259,5089,5.46,5089,2022,1,1,Jan,2022-Q1,Acceptable (5–15%),Over-forecast
2022-01-30,UK,102850,87494,15356,17.55,15356,2022,1,1,Jan,2022-Q1,Poor (15–30%),Over-forecast
2022-02-06,UK,91961,72205,19756,27.36,19756,2022,1,2,Feb,2022-Q1,Poor (15–30%),Over-forecast
2022-02-13,UK,82985,67129,15856,23.62,15856,2022,1,2,Feb,2022-Q1,Poor (15–30%),Over-forecast
2022-02-20,UK,63988,57199,6789,11.87,6789,2022,1,2,Feb,2022-Q1,Acceptable (5–15%),Over-forecast
2022-02-27,UK,82849,79433,3416,4.3,3416,2022,1,2,Feb,2022-Q1,Highly Accurate (≤5%),Over-forecast
2022-03-06,UK,96810,83351,13459,16.15,13459,2022,1,3,Mar,2022-Q1,Poor (15–30%),Over-forecast
2022-03-13,UK,86097,89432,-3335,-3.73,3335,2022,1,3,Mar,2022-Q1,Highly Accurate (≤5%),Under-forecast
2022-03-20,UK,96242,96321,-79,-0.08,79,2022,1,3,Mar,2022-Q1,Highly Accurate (≤5%),Under-forecast
2022-03-27,UK,134605,102870,31735,30.85,31735,2022,1,3,Mar,2022-Q1,Unacceptable (>30%),Over-forecast
2022-04-03,UK,137089,118054,19035,16.12,19035,2022,2,4,Apr,2022-Q2,Poor (15–30%),Over-forecast
2022-04-10,UK,128249,120808,7441,6.16,7441,2022,2,4,Apr,2022-Q2,Acceptable (5–15%),Over-forecast
2022-04-17,UK,150135,123262,26873,21.8,26873,2022,2,4,Apr,2022-Q2,Poor (15–30%),Over-forecast
2022-04-24,UK,166137,129908,36229,27.89,36229,2022,2,4,Apr,2022-Q2,Poor (15–30%),Over-forecast
2022-05-01,UK,136391,130059,6332,4.87,6332,2022,2,5,May,2022-Q2,Highly Accurate (≤5%),Over-forecast
2022-05-08,UK,148527,141323,7204,5.1,7204,2022,2,5,May,2022-Q2,Acceptable (5–15%),Over-forecast
2022-05-15,UK,141252,136564,4688,3.43,4688,2022,2,5,May,2022-Q2,Highly Accurate (≤5%),Over-forecast
2022-05-22,UK,160357,129747,30610,23.59,30610,2022,2,5,May,2022-Q2,Poor (15–30%),Over-forecast
2022-05-29,UK,161763,130748,31015,23.72,31015,2022,2,5,May,2022-Q2,Poor (15–30%),Over-forecast
2022-06-05,UK,153175,118554,34621,29.2,34621,2022,2,6,Jun,2022-Q2,Poor (15–30%),Over-forecast
2022-06-12,UK,132467,106667,25800,24.19,25800,2022,2,6,Jun,2022-Q2,Poor (15–30%),Over-forecast
2022-06-19,UK,94989,106632,-11643,-10.92,11643,2022,2,6,Jun,2022-Q2,Acceptable (5–15%),Under-forecast
2022-06-26,UK,105139,91813,13326,14.51,13326,2022,2,6,Jun,2022-Q2,Acceptable (5–15%),Over-forecast
2022-07-03,UK,71053,73471,-2418,-3.29,2418,2022,3,7,Jul,2022-Q3,Highly Accurate (≤5%),Under-forecast
2022-07-10,UK,66364,63836,2528,3.96,2528,2022,3,7,Jul,2022-Q3,Highly Accurate (≤5%),Over-forecast
2022-07-17,UK,53442,47274,6168,13.05,6168,2022,3,7,Jul,2022-Q3,Acceptable (5–15%),Over-forecast
2022-07-24,UK,37571,30825,6746,21.88,6746,2022,3,7,Jul,2022-Q3,Poor (15–30%),Over-forecast
2022-07-31,UK,24980,25249,-269,-1.07,269,2022,3,7,Jul,2022-Q3,Highly Accurate (≤5%),Under-forecast
2022-08-07,UK,20601,25792,-5191,-20.13,5191,2022,3,8,Aug,2022-Q3,Poor (15–30%),Under-forecast
2022-08-14,UK,21342,18857,2485,13.18,2485,2022,3,8,Aug,2022-Q3,Acceptable (5–15%),Over-forecast
2022-08-21,UK,47659,32661,14998,45.92,14998,2022,3,8,Aug,2022-Q3,Unacceptable (>30%),Over-forecast
2022-08-28,UK,37535,34728,2807,8.08,2807,2022,3,8,Aug,2022-Q3,Acceptable (5–15%),Over-forecast
2022-09-04,UK,54539,48957,5582,11.4,5582,2022,3,9,Sep,2022-Q3,Acceptable (5–15%),Over-forecast
2022-09-11,UK,82376,61260,21116,34.47,21116,2022,3,9,Sep,2022-Q3,Unacceptable (>30%),Over-forecast
2022-09-18,UK,85261,71874,13387,18.63,13387,2022,3,9,Sep,2022-Q3,Poor (15–30%),Over-forecast
2022-09-25,UK,97798,86043,11755,13.66,11755,2022,3,9,Sep,2022-Q3,Acceptable (5–15%),Over-forecast
2022-10-02,UK,107005,91727,15278,16.66,15278,2022,4,10,Oct,2022-Q4,Poor (15–30%),Over-forecast
2022-10-09,UK,118563,103906,14657,14.11,14657,2022,4,10,Oct,2022-Q4,Acceptable (5–15%),Over-forecast
2022-10-16,UK,104117,108877,-4760,-4.37,4760,2022,4,10,Oct,2022-Q4,Highly Accurate (≤5%),Under-forecast
2022-10-23,UK,104839,112795,-7956,-7.05,7956,2022,4,10,Oct,2022-Q4,Acceptable (5–15%),Under-forecast
2022-10-30,UK,153759,113173,40586,35.86,40586,2022,4,10,Oct,2022-Q4,Unacceptable (>30%),Over-forecast
2022-11-06,UK,131249,115920,15329,13.22,15329,2022,4,11,Nov,2022-Q4,Acceptable (5–15%),Over-forecast
2022-11-13,UK,135719,121059,14660,12.11,14660,2022,4,11,Nov,2022-Q4,Acceptable (5–15%),Over-forecast
2022-11-20,UK,129613,118282,11331,9.58,11331,2022,4,11,Nov,2022-Q4,Acceptable (5–15%),Over-forecast
2022-11-27,UK,132196,109106,23090,21.16,23090,2022,4,11,Nov,2022-Q4,Poor (15–30%),Over-forecast
2022-12-04,UK,157162,108742,48420,44.53,48420,2022,4,12,Dec,2022-Q4,Unacceptable (>30%),Over-forecast
2022-12-11,UK,124081,105382,18699,17.74,18699,2022,4,12,Dec,2022-Q4,Poor (15–30%),Over-forecast
2022-12-18,UK,91191,88568,2623,2.96,2623,2022,4,12,Dec,2022-Q4,Highly Accurate (≤5%),Over-forecast
2022-12-25,UK,97318,89278,8040,9.01,8040,2022,4,12,Dec,2022-Q4,Acceptable (5–15%),Over-forecast
2021-01-03,Brazil,131316,136100,-4784,-3.52,4784,2021,1,1,Jan,2021-Q1,Highly Accurate (≤5%),Under-forecast
2021-01-10,Brazil,115591,133555,-17964,-13.45,17964,2021,1,1,Jan,2021-Q1,Acceptable (5–15%),Under-forecast
2021-01-17,Brazil,136265,147171,-10906,-7.41,10906,2021,1,1,Jan,2021-Q1,Acceptable (5–15%),Under-forecast
2021-01-24,Brazil,114077,130768,-16691,-12.76,16691,2021,1,1,Jan,2021-Q1,Acceptable (5–15%),Under-forecast
2021-01-31,Brazil,132035,143622,-11587,-8.07,11587,2021,1,1,Jan,2021-Q1,Acceptable (5–15%),Under-forecast
2021-02-07,Brazil,172224,146835,25389,17.29,25389,2021,1,2,Feb,2021-Q1,Poor (15–30%),Over-forecast
2021-02-14,Brazil,135286,146631,-11345,-7.74,11345,2021,1,2,Feb,2021-Q1,Acceptable (5–15%),Under-forecast
2021-02-21,Brazil,175492,128080,47412,37.02,47412,2021,1,2,Feb,2021-Q1,Unacceptable (>30%),Over-forecast
2021-02-28,Brazil,128138,116183,11955,10.29,11955,2021,1,2,Feb,2021-Q1,Acceptable (5–15%),Over-forecast
2021-03-07,Brazil,121645,114290,7355,6.44,7355,2021,1,3,Mar,2021-Q1,Acceptable (5–15%),Over-forecast
2021-03-14,Brazil,91950,98447,-6497,-6.6,6497,2021,1,3,Mar,2021-Q1,Acceptable (5–15%),Under-forecast
2021-03-21,Brazil,104524,92601,11923,12.88,11923,2021,1,3,Mar,2021-Q1,Acceptable (5–15%),Over-forecast
2021-03-28,Brazil,78497,80981,-2484,-3.07,2484,2021,1,3,Mar,2021-Q1,Highly Accurate (≤5%),Under-forecast
2021-04-04,Brazil,91805,86895,4910,5.65,4910,2021,2,4,Apr,2021-Q2,Acceptable (5–15%),Over-forecast
2021-04-11,Brazil,164486,120844,43642,36.11,43642,2021,2,4,Apr,2021-Q2,Unacceptable (>30%),Over-forecast
2021-04-18,Brazil,139232,135275,3957,2.93,3957,2021,2,4,Apr,2021-Q2,Highly Accurate (≤5%),Over-forecast
2021-04-25,Brazil,191446,161577,29869,18.49,29869,2021,2,4,Apr,2021-Q2,Poor (15–30%),Over-forecast
2021-05-02,Brazil,153758,161274,-7516,-4.66,7516,2021,2,5,May,2021-Q2,Highly Accurate (≤5%),Under-forecast
2021-05-09,Brazil,188284,181586,6698,3.69,6698,2021,2,5,May,2021-Q2,Highly Accurate (≤5%),Over-forecast
2021-05-16,Brazil,257533,203983,53550,26.25,53550,2021,2,5,May,2021-Q2,Poor (15–30%),Over-forecast
2021-05-23,Brazil,199238,206911,-7673,-3.71,7673,2021,2,5,May,2021-Q2,Highly Accurate (≤5%),Under-forecast
2021-05-30,Brazil,277619,218990,58629,26.77,58629,2021,2,5,May,2021-Q2,Poor (15–30%),Over-forecast
2021-06-06,Brazil,254812,225559,29253,12.97,29253,2021,2,6,Jun,2021-Q2,Acceptable (5–15%),Over-forecast
2021-06-13,Brazil,222633,229287,-6654,-2.9,6654,2021,2,6,Jun,2021-Q2,Highly Accurate (≤5%),Under-forecast
2021-06-20,Brazil,251171,224204,26967,12.03,26967,2021,2,6,Jun,2021-Q2,Acceptable (5–15%),Over-forecast
2021-06-27,Brazil,263058,226232,36826,16.28,36826,2021,2,6,Jun,2021-Q2,Poor (15–30%),Over-forecast
2021-07-04,Brazil,240436,214876,25560,11.9,25560,2021,3,7,Jul,2021-Q3,Acceptable (5–15%),Over-forecast
2021-07-11,Brazil,181769,215097,-33328,-15.49,33328,2021,3,7,Jul,2021-Q3,Poor (15–30%),Under-forecast
2021-07-18,Brazil,189327,199207,-9880,-4.96,9880,2021,3,7,Jul,2021-Q3,Highly Accurate (≤5%),Under-forecast
2021-07-25,Brazil,189131,187197,1934,1.03,1934,2021,3,7,Jul,2021-Q3,Highly Accurate (≤5%),Over-forecast
2021-08-01,Brazil,191720,185783,5937,3.2,5937,2021,3,8,Aug,2021-Q3,Highly Accurate (≤5%),Over-forecast
2021-08-08,Brazil,163097,145777,17320,11.88,17320,2021,3,8,Aug,2021-Q3,Acceptable (5–15%),Over-forecast
2021-08-15,Brazil,149983,141033,8950,6.35,8950,2021,3,8,Aug,2021-Q3,Acceptable (5–15%),Over-forecast
2021-08-22,Brazil,83546,95546,-12000,-12.56,12000,2021,3,8,Aug,2021-Q3,Acceptable (5–15%),Under-forecast
2021-08-29,Brazil,83471,76666,6805,8.88,6805,2021,3,8,Aug,2021-Q3,Acceptable (5–15%),Over-forecast
2021-09-05,Brazil,65365,58490,6875,11.75,6875,2021,3,9,Sep,2021-Q3,Acceptable (5–15%),Over-forecast
2021-09-12,Brazil,52991,47688,5303,11.12,5303,2021,3,9,Sep,2021-Q3,Acceptable (5–15%),Over-forecast
2021-09-19,Brazil,78538,66767,11771,17.63,11771,2021,3,9,Sep,2021-Q3,Poor (15–30%),Over-forecast
2021-09-26,Brazil,88689,77427,11262,14.55,11262,2021,3,9,Sep,2021-Q3,Acceptable (5–15%),Over-forecast
2021-10-03,Brazil,91610,83386,8224,9.86,8224,2021,4,10,Oct,2021-Q4,Acceptable (5–15%),Over-forecast
2021-10-10,Brazil,95063,92072,2991,3.25,2991,2021,4,10,Oct,2021-Q4,Highly Accurate (≤5%),Over-forecast
2021-10-17,Brazil,85698,102790,-17092,-16.63,17092,2021,4,10,Oct,2021-Q4,Poor (15–30%),Under-forecast
2021-10-24,Brazil,120071,109660,10411,9.49,10411,2021,4,10,Oct,2021-Q4,Acceptable (5–15%),Over-forecast
2021-10-31,Brazil,107960,101161,6799,6.72,6799,2021,4,10,Oct,2021-Q4,Acceptable (5–15%),Over-forecast
2021-11-07,Brazil,132102,122864,9238,7.52,9238,2021,4,11,Nov,2021-Q4,Acceptable (5–15%),Over-forecast
2021-11-14,Brazil,122018,138385,-16367,-11.83,16367,2021,4,11,Nov,2021-Q4,Acceptable (5–15%),Under-forecast
2021-11-21,Brazil,138806,153177,-14371,-9.38,14371,2021,4,11,Nov,2021-Q4,Acceptable (5–15%),Under-forecast
2021-11-28,Brazil,181406,154671,26735,17.29,26735,2021,4,11,Nov,2021-Q4,Poor (15–30%),Over-forecast
2021-12-05,Brazil,171326,165322,6004,3.63,6004,2021,4,12,Dec,2021-Q4,Highly Accurate (≤5%),Over-forecast
2021-12-12,Brazil,191561,170063,21498,12.64,21498,2021,4,12,Dec,2021-Q4,Acceptable (5–15%),Over-forecast
2021-12-19,Brazil,174660,167171,7489,4.48,7489,2021,4,12,Dec,2021-Q4,Highly Accurate (≤5%),Over-forecast
2021-12-26,Brazil,173556,166086,7470,4.5,7470,2021,4,12,Dec,2021-Q4,Highly Accurate (≤5%),Over-forecast
2022-01-02,Brazil,194332,167745,26587,15.85,26587,2022,1,1,Jan,2022-Q1,Poor (15–30%),Over-forecast
2022-01-09,Brazil,157106,160841,-3735,-2.32,3735,2022,1,1,Jan,2022-Q1,Highly Accurate (≤5%),Under-forecast
2022-01-16,Brazil,165404,157039,8365,5.33,8365,2022,1,1,Jan,2022-Q1,Acceptable (5–15%),Over-forecast
2022-01-23,Brazil,135994,138276,-2282,-1.65,2282,2022,1,1,Jan,2022-Q1,Highly Accurate (≤5%),Under-forecast
2022-01-30,Brazil,129714,131427,-1713,-1.3,1713,2022,1,1,Jan,2022-Q1,Highly Accurate (≤5%),Under-forecast
2022-02-06,Brazil,120036,119722,314,0.26,314,2022,1,2,Feb,2022-Q1,Highly Accurate (≤5%),Over-forecast
2022-02-13,Brazil,120214,112453,7761,6.9,7761,2022,1,2,Feb,2022-Q1,Acceptable (5–15%),Over-forecast
2022-02-20,Brazil,85967,87593,-1626,-1.86,1626,2022,1,2,Feb,2022-Q1,Highly Accurate (≤5%),Under-forecast
2022-02-27,Brazil,135210,112848,22362,19.82,22362,2022,1,2,Feb,2022-Q1,Poor (15–30%),Over-forecast
2022-03-06,Brazil,122792,132109,-9317,-7.05,9317,2022,1,3,Mar,2022-Q1,Acceptable (5–15%),Under-forecast
2022-03-13,Brazil,161338,158500,2838,1.79,2838,2022,1,3,Mar,2022-Q1,Highly Accurate (≤5%),Over-forecast
2022-03-20,Brazil,156999,159178,-2179,-1.37,2179,2022,1,3,Mar,2022-Q1,Highly Accurate (≤5%),Under-forecast
2022-03-27,Brazil,215280,176162,39118,22.21,39118,2022,1,3,Mar,2022-Q1,Poor (15–30%),Over-forecast
2022-04-03,Brazil,199723,187389,12334,6.58,12334,2022,2,4,Apr,2022-Q2,Acceptable (5–15%),Over-forecast
2022-04-10,Brazil,226657,193693,32964,17.02,32964,2022,2,4,Apr,2022-Q2,Poor (15–30%),Over-forecast
2022-04-17,Brazil,190454,222588,-32134,-14.44,32134,2022,2,4,Apr,2022-Q2,Acceptable (5–15%),Under-forecast
2022-04-24,Brazil,225959,210267,15692,7.46,15692,2022,2,4,Apr,2022-Q2,Acceptable (5–15%),Over-forecast
2022-05-01,Brazil,248735,215837,32898,15.24,32898,2022,2,5,May,2022-Q2,Poor (15–30%),Over-forecast
2022-05-08,Brazil,240665,228869,11796,5.15,11796,2022,2,5,May,2022-Q2,Acceptable (5–15%),Over-forecast
2022-05-15,Brazil,244133,207880,36253,17.44,36253,2022,2,5,May,2022-Q2,Poor (15–30%),Over-forecast
2022-05-22,Brazil,212463,217549,-5086,-2.34,5086,2022,2,5,May,2022-Q2,Highly Accurate (≤5%),Under-forecast
2022-05-29,Brazil,239073,196387,42686,21.74,42686,2022,2,5,May,2022-Q2,Poor (15–30%),Over-forecast
2022-06-05,Brazil,267738,201533,66205,32.85,66205,2022,2,6,Jun,2022-Q2,Unacceptable (>30%),Over-forecast
2022-06-12,Brazil,167011,167695,-684,-0.41,684,2022,2,6,Jun,2022-Q2,Highly Accurate (≤5%),Under-forecast
2022-06-19,Brazil,152278,154504,-2226,-1.44,2226,2022,2,6,Jun,2022-Q2,Highly Accurate (≤5%),Under-forecast
2022-06-26,Brazil,176006,143930,32076,22.29,32076,2022,2,6,Jun,2022-Q2,Poor (15–30%),Over-forecast
2022-07-03,Brazil,165132,133319,31813,23.86,31813,2022,3,7,Jul,2022-Q3,Poor (15–30%),Over-forecast
2022-07-10,Brazil,103432,105984,-2552,-2.41,2552,2022,3,7,Jul,2022-Q3,Highly Accurate (≤5%),Under-forecast
2022-07-17,Brazil,80616,81533,-917,-1.12,917,2022,3,7,Jul,2022-Q3,Highly Accurate (≤5%),Under-forecast
2022-07-24,Brazil,68432,68021,411,0.6,411,2022,3,7,Jul,2022-Q3,Highly Accurate (≤5%),Over-forecast
2022-07-31,Brazil,42470,48634,-6164,-12.67,6164,2022,3,7,Jul,2022-Q3,Acceptable (5–15%),Under-forecast
2022-08-07,Brazil,31546,34050,-2504,-7.35,2504,2022,3,8,Aug,2022-Q3,Acceptable (5–15%),Under-forecast
2022-08-14,Brazil,33270,36330,-3060,-8.42,3060,2022,3,8,Aug,2022-Q3,Acceptable (5–15%),Under-forecast
2022-08-21,Brazil,44485,47059,-2574,-5.47,2574,2022,3,8,Aug,2022-Q3,Acceptable (5–15%),Under-forecast
2022-08-28,Brazil,54917,52962,1955,3.69,1955,2022,3,8,Aug,2022-Q3,Highly Accurate (≤5%),Over-forecast
2022-09-04,Brazil,89431,83540,5891,7.05,5891,2022,3,9,Sep,2022-Q3,Acceptable (5–15%),Over-forecast
2022-09-11,Brazil,116109,94016,22093,23.5,22093,2022,3,9,Sep,2022-Q3,Poor (15–30%),Over-forecast
2022-09-18,Brazil,115752,126296,-10544,-8.35,10544,2022,3,9,Sep,2022-Q3,Acceptable (5–15%),Under-forecast
2022-09-25,Brazil,177301,152288,25013,16.42,25013,2022,3,9,Sep,2022-Q3,Poor (15–30%),Over-forecast
2022-10-02,Brazil,162006,159687,2319,1.45,2319,2022,4,10,Oct,2022-Q4,Highly Accurate (≤5%),Over-forecast
2022-10-09,Brazil,171166,165365,5801,3.51,5801,2022,4,10,Oct,2022-Q4,Highly Accurate (≤5%),Over-forecast
2022-10-16,Brazil,204479,181666,22813,12.56,22813,2022,4,10,Oct,2022-Q4,Acceptable (5–15%),Over-forecast
2022-10-23,Brazil,176568,195975,-19407,-9.9,19407,2022,4,10,Oct,2022-Q4,Acceptable (5–15%),Under-forecast
2022-10-30,Brazil,218661,200783,17878,8.9,17878,2022,4,10,Oct,2022-Q4,Acceptable (5–15%),Over-forecast
2022-11-06,Brazil,199444,187790,11654,6.21,11654,2022,4,11,Nov,2022-Q4,Acceptable (5–15%),Over-forecast
2022-11-13,Brazil,216916,196697,20219,10.28,20219,2022,4,11,Nov,2022-Q4,Acceptable (5–15%),Over-forecast
2022-11-20,Brazil,204647,189947,14700,7.74,14700,2022,4,11,Nov,2022-Q4,Acceptable (5–15%),Over-forecast
2022-11-27,Brazil,256864,190545,66319,34.8,66319,2022,4,11,Nov,2022-Q4,Unacceptable (>30%),Over-forecast
2022-12-04,Brazil,173577,180514,-6937,-3.84,6937,2022,4,12,Dec,2022-Q4,Highly Accurate (≤5%),Under-forecast
2022-12-11,Brazil,150509,154383,-3874,-2.51,3874,2022,4,12,Dec,2022-Q4,Highly Accurate (≤5%),Under-forecast
2022-12-18,Brazil,149328,155002,-5674,-3.66,5674,2022,4,12,Dec,2022-Q4,Highly Accurate (≤5%),Under-forecast
2022-12-25,Brazil,141029,145114,-4085,-2.82,4085,2022,4,12,Dec,2022-Q4,Highly Accurate (≤5%),Under-forecast
2021-01-03,Germany,71013,57937,13076,22.57,13076,2021,1,1,Jan,2021-Q1,Poor (15–30%),Over-forecast
2021-01-10,Germany,76625,66371,10254,15.45,10254,2021,1,1,Jan,2021-Q1,Poor (15–30%),Over-forecast
2021-01-17,Germany,88787,68929,19858,28.81,19858,2021,1,1,Jan,2021-Q1,Poor (15–30%),Over-forecast
2021-01-24,Germany,82223,63728,18495,29.02,18495,2021,1,1,Jan,2021-Q1,Poor (15–30%),Over-forecast
2021-01-31,Germany,78488,62650,15838,25.28,15838,2021,1,1,Jan,2021-Q1,Poor (15–30%),Over-forecast
2021-02-07,Germany,83107,65242,17865,27.38,17865,2021,1,2,Feb,2021-Q1,Poor (15–30%),Over-forecast
2021-02-14,Germany,63042,59885,3157,5.27,3157,2021,1,2,Feb,2021-Q1,Acceptable (5–15%),Over-forecast
2021-02-21,Germany,74323,60262,14061,23.33,14061,2021,1,2,Feb,2021-Q1,Poor (15–30%),Over-forecast
2021-02-28,Germany,75078,54992,20086,36.53,20086,2021,1,2,Feb,2021-Q1,Unacceptable (>30%),Over-forecast
2021-03-07,Germany,56775,45157,11618,25.73,11618,2021,1,3,Mar,2021-Q1,Poor (15–30%),Over-forecast
2021-03-14,Germany,51067,49083,1984,4.04,1984,2021,1,3,Mar,2021-Q1,Highly Accurate (≤5%),Over-forecast
2021-03-21,Germany,52048,44102,7946,18.02,7946,2021,1,3,Mar,2021-Q1,Poor (15–30%),Over-forecast
2021-03-28,Germany,38237,30819,7418,24.07,7418,2021,1,3,Mar,2021-Q1,Poor (15–30%),Over-forecast
2021-04-04,Germany,40565,37583,2982,7.93,2982,2021,2,4,Apr,2021-Q2,Acceptable (5–15%),Over-forecast
2021-04-11,Germany,48838,49145,-307,-0.62,307,2021,2,4,Apr,2021-Q2,Highly Accurate (≤5%),Under-forecast
2021-04-18,Germany,66700,58394,8306,14.22,8306,2021,2,4,Apr,2021-Q2,Acceptable (5–15%),Over-forecast
2021-04-25,Germany,73436,67888,5548,8.17,5548,2021,2,4,Apr,2021-Q2,Acceptable (5–15%),Over-forecast
2021-05-02,Germany,94515,79744,14771,18.52,14771,2021,2,5,May,2021-Q2,Poor (15–30%),Over-forecast
2021-05-09,Germany,76975,80137,-3162,-3.95,3162,2021,2,5,May,2021-Q2,Highly Accurate (≤5%),Under-forecast
2021-05-16,Germany,106826,84266,22560,26.77,22560,2021,2,5,May,2021-Q2,Poor (15–30%),Over-forecast
2021-05-23,Germany,95923,87453,8470,9.69,8470,2021,2,5,May,2021-Q2,Acceptable (5–15%),Over-forecast
2021-05-30,Germany,123856,93185,30671,32.91,30671,2021,2,5,May,2021-Q2,Unacceptable (>30%),Over-forecast
2021-06-06,Germany,112319,97854,14465,14.78,14465,2021,2,6,Jun,2021-Q2,Acceptable (5–15%),Over-forecast
2021-06-13,Germany,123875,104655,19220,18.37,19220,2021,2,6,Jun,2021-Q2,Poor (15–30%),Over-forecast
2021-06-20,Germany,113651,97754,15897,16.26,15897,2021,2,6,Jun,2021-Q2,Poor (15–30%),Over-forecast
2021-06-27,Germany,107533,98724,8809,8.92,8809,2021,2,6,Jun,2021-Q2,Acceptable (5–15%),Over-forecast
2021-07-04,Germany,146983,95474,51509,53.95,51509,2021,3,7,Jul,2021-Q3,Unacceptable (>30%),Over-forecast
2021-07-11,Germany,106436,95319,11117,11.66,11117,2021,3,7,Jul,2021-Q3,Acceptable (5–15%),Over-forecast
2021-07-18,Germany,125816,94379,31437,33.31,31437,2021,3,7,Jul,2021-Q3,Unacceptable (>30%),Over-forecast
2021-07-25,Germany,81627,79137,2490,3.15,2490,2021,3,7,Jul,2021-Q3,Highly Accurate (≤5%),Over-forecast
2021-08-01,Germany,89513,72171,17342,24.03,17342,2021,3,8,Aug,2021-Q3,Poor (15–30%),Over-forecast
2021-08-08,Germany,86337,68767,17570,25.55,17570,2021,3,8,Aug,2021-Q3,Poor (15–30%),Over-forecast
2021-08-15,Germany,69705,58881,10824,18.38,10824,2021,3,8,Aug,2021-Q3,Poor (15–30%),Over-forecast
2021-08-22,Germany,58522,52917,5605,10.59,5605,2021,3,8,Aug,2021-Q3,Acceptable (5–15%),Over-forecast
2021-08-29,Germany,45017,39154,5863,14.97,5863,2021,3,8,Aug,2021-Q3,Acceptable (5–15%),Over-forecast
2021-09-05,Germany,29356,25983,3373,12.98,3373,2021,3,9,Sep,2021-Q3,Acceptable (5–15%),Over-forecast
2021-09-12,Germany,36796,24058,12738,52.95,12738,2021,3,9,Sep,2021-Q3,Unacceptable (>30%),Over-forecast
2021-09-19,Germany,36699,30995,5704,18.4,5704,2021,3,9,Sep,2021-Q3,Poor (15–30%),Over-forecast
2021-09-26,Germany,44458,35227,9231,26.2,9231,2021,3,9,Sep,2021-Q3,Poor (15–30%),Over-forecast
2021-10-03,Germany,56164,38973,17191,44.11,17191,2021,4,10,Oct,2021-Q4,Unacceptable (>30%),Over-forecast
2021-10-10,Germany,47603,44806,2797,6.24,2797,2021,4,10,Oct,2021-Q4,Acceptable (5–15%),Over-forecast
2021-10-17,Germany,57994,48627,9367,19.26,9367,2021,4,10,Oct,2021-Q4,Poor (15–30%),Over-forecast
2021-10-24,Germany,59787,52038,7749,14.89,7749,2021,4,10,Oct,2021-Q4,Acceptable (5–15%),Over-forecast
2021-10-31,Germany,61419,52272,9147,17.5,9147,2021,4,10,Oct,2021-Q4,Poor (15–30%),Over-forecast
2021-11-07,Germany,65895,56720,9175,16.18,9175,2021,4,11,Nov,2021-Q4,Poor (15–30%),Over-forecast
2021-11-14,Germany,68844,63568,5276,8.3,5276,2021,4,11,Nov,2021-Q4,Acceptable (5–15%),Over-forecast
2021-11-21,Germany,86996,71595,15401,21.51,15401,2021,4,11,Nov,2021-Q4,Poor (15–30%),Over-forecast
2021-11-28,Germany,71748,69263,2485,3.59,2485,2021,4,11,Nov,2021-Q4,Highly Accurate (≤5%),Over-forecast
2021-12-05,Germany,100167,75418,24749,32.82,24749,2021,4,12,Dec,2021-Q4,Unacceptable (>30%),Over-forecast
2021-12-12,Germany,95165,74576,20589,27.61,20589,2021,4,12,Dec,2021-Q4,Poor (15–30%),Over-forecast
2021-12-19,Germany,85049,76143,8906,11.7,8906,2021,4,12,Dec,2021-Q4,Acceptable (5–15%),Over-forecast
2021-12-26,Germany,88869,79074,9795,12.39,9795,2021,4,12,Dec,2021-Q4,Acceptable (5–15%),Over-forecast
2022-01-02,Germany,90670,73924,16746,22.65,16746,2022,1,1,Jan,2022-Q1,Poor (15–30%),Over-forecast
2022-01-09,Germany,75782,70593,5189,7.35,5189,2022,1,1,Jan,2022-Q1,Acceptable (5–15%),Over-forecast
2022-01-16,Germany,90413,62551,27862,44.54,27862,2022,1,1,Jan,2022-Q1,Unacceptable (>30%),Over-forecast
2022-01-23,Germany,79514,64214,15300,23.83,15300,2022,1,1,Jan,2022-Q1,Poor (15–30%),Over-forecast
2022-01-30,Germany,72774,58533,14241,24.33,14241,2022,1,1,Jan,2022-Q1,Poor (15–30%),Over-forecast
2022-02-06,Germany,73339,57102,16237,28.44,16237,2022,1,2,Feb,2022-Q1,Poor (15–30%),Over-forecast
2022-02-13,Germany,47754,43228,4526,10.47,4526,2022,1,2,Feb,2022-Q1,Acceptable (5–15%),Over-forecast
2022-02-20,Germany,51019,38005,13014,34.24,13014,2022,1,2,Feb,2022-Q1,Unacceptable (>30%),Over-forecast
2022-02-27,Germany,55775,46341,9434,20.36,9434,2022,1,2,Feb,2022-Q1,Poor (15–30%),Over-forecast
2022-03-06,Germany,78087,59039,19048,32.26,19048,2022,1,3,Mar,2022-Q1,Unacceptable (>30%),Over-forecast
2022-03-13,Germany,72148,62247,9901,15.91,9901,2022,1,3,Mar,2022-Q1,Poor (15–30%),Over-forecast
2022-03-20,Germany,97580,70970,26610,37.49,26610,2022,1,3,Mar,2022-Q1,Unacceptable (>30%),Over-forecast
2022-03-27,Germany,98059,78797,19262,24.45,19262,2022,1,3,Mar,2022-Q1,Poor (15–30%),Over-forecast
2022-04-03,Germany,125094,83495,41599,49.82,41599,2022,2,4,Apr,2022-Q2,Unacceptable (>30%),Over-forecast
2022-04-10,Germany,98226,86571,11655,13.46,11655,2022,2,4,Apr,2022-Q2,Acceptable (5–15%),Over-forecast
2022-04-17,Germany,112382,92388,19994,21.64,19994,2022,2,4,Apr,2022-Q2,Poor (15–30%),Over-forecast
2022-04-24,Germany,101706,97766,3940,4.03,3940,2022,2,4,Apr,2022-Q2,Highly Accurate (≤5%),Over-forecast
2022-05-01,Germany,103395,92993,10402,11.19,10402,2022,2,5,May,2022-Q2,Acceptable (5–15%),Over-forecast
2022-05-08,Germany,123394,96748,26646,27.54,26646,2022,2,5,May,2022-Q2,Poor (15–30%),Over-forecast
2022-05-15,Germany,125722,93254,32468,34.82,32468,2022,2,5,May,2022-Q2,Unacceptable (>30%),Over-forecast
2022-05-22,Germany,155623,96678,58945,60.97,58945,2022,2,5,May,2022-Q2,Unacceptable (>30%),Over-forecast
2022-05-29,Germany,99767,85016,14751,17.35,14751,2022,2,5,May,2022-Q2,Poor (15–30%),Over-forecast
2022-06-05,Germany,87716,83197,4519,5.43,4519,2022,2,6,Jun,2022-Q2,Acceptable (5–15%),Over-forecast
2022-06-12,Germany,103766,80153,23613,29.46,23613,2022,2,6,Jun,2022-Q2,Poor (15–30%),Over-forecast
2022-06-19,Germany,78846,76804,2042,2.66,2042,2022,2,6,Jun,2022-Q2,Highly Accurate (≤5%),Over-forecast
2022-06-26,Germany,81172,64033,17139,26.77,17139,2022,2,6,Jun,2022-Q2,Poor (15–30%),Over-forecast
2022-07-03,Germany,60065,53836,6229,11.57,6229,2022,3,7,Jul,2022-Q3,Acceptable (5–15%),Over-forecast
2022-07-10,Germany,62932,51693,11239,21.74,11239,2022,3,7,Jul,2022-Q3,Poor (15–30%),Over-forecast
2022-07-17,Germany,42519,31667,10852,34.27,10852,2022,3,7,Jul,2022-Q3,Unacceptable (>30%),Over-forecast
2022-07-24,Germany,22185,18938,3247,17.15,3247,2022,3,7,Jul,2022-Q3,Poor (15–30%),Over-forecast
2022-07-31,Germany,21247,16094,5153,32.02,5153,2022,3,7,Jul,2022-Q3,Unacceptable (>30%),Over-forecast
2022-08-07,Germany,14533,11080,3453,31.16,3453,2022,3,8,Aug,2022-Q3,Unacceptable (>30%),Over-forecast
2022-08-14,Germany,13460,14605,-1145,-7.84,1145,2022,3,8,Aug,2022-Q3,Acceptable (5–15%),Under-forecast
2022-08-21,Germany,26075,24627,1448,5.88,1448,2022,3,8,Aug,2022-Q3,Acceptable (5–15%),Over-forecast
2022-08-28,Germany,27657,28668,-1011,-3.53,1011,2022,3,8,Aug,2022-Q3,Highly Accurate (≤5%),Under-forecast
2022-09-04,Germany,53097,36060,17037,47.25,17037,2022,3,9,Sep,2022-Q3,Unacceptable (>30%),Over-forecast
2022-09-11,Germany,50515,43092,7423,17.23,7423,2022,3,9,Sep,2022-Q3,Poor (15–30%),Over-forecast
2022-09-18,Germany,83528,57966,25562,44.1,25562,2022,3,9,Sep,2022-Q3,Unacceptable (>30%),Over-forecast
2022-09-25,Germany,61893,64835,-2942,-4.54,2942,2022,3,9,Sep,2022-Q3,Highly Accurate (≤5%),Under-forecast
2022-10-02,Germany,76450,69144,7306,10.57,7306,2022,4,10,Oct,2022-Q4,Acceptable (5–15%),Over-forecast
2022-10-09,Germany,104726,80477,24249,30.13,24249,2022,4,10,Oct,2022-Q4,Unacceptable (>30%),Over-forecast
2022-10-16,Germany,92288,76094,16194,21.28,16194,2022,4,10,Oct,2022-Q4,Poor (15–30%),Over-forecast
2022-10-23,Germany,98430,77922,20508,26.32,20508,2022,4,10,Oct,2022-Q4,Poor (15–30%),Over-forecast
2022-10-30,Germany,83130,82418,712,0.86,712,2022,4,10,Oct,2022-Q4,Highly Accurate (≤5%),Over-forecast
2022-11-06,Germany,117793,85146,32647,38.34,32647,2022,4,11,Nov,2022-Q4,Unacceptable (>30%),Over-forecast
2022-11-13,Germany,111121,85611,25510,29.8,25510,2022,4,11,Nov,2022-Q4,Poor (15–30%),Over-forecast
2022-11-20,Germany,102791,82597,20194,24.45,20194,2022,4,11,Nov,2022-Q4,Poor (15–30%),Over-forecast
2022-11-27,Germany,89031,81711,7320,8.96,7320,2022,4,11,Nov,2022-Q4,Acceptable (5–15%),Over-forecast
2022-12-04,Germany,90284,73199,17085,23.34,17085,2022,4,12,Dec,2022-Q4,Poor (15–30%),Over-forecast
2022-12-11,Germany,87804,76635,11169,14.57,11169,2022,4,12,Dec,2022-Q4,Acceptable (5–15%),Over-forecast
2022-12-18,Germany,63371,66558,-3187,-4.79,3187,2022,4,12,Dec,2022-Q4,Highly Accurate (≤5%),Under-forecast
2022-12-25,Germany,75437,63925,11512,18.01,11512,2022,4,12,Dec,2022-Q4,Poor (15–30%),Over-forecast
